32940793,/auto_zaz_lanos_32940793.html,ЗАЗ Lanos 2013,1.5 л • Бензин 1.5 л • Газ / Бензин вказано продавцем, Білий Колір не вказано продавцем
33120504,/auto_yamaha_fz_33120504.html,Yamaha FZ 2009,1 л • Бензин, Чорний
32086071,/auto_opel_omega_32086071.html,Opel Omega 2000,2.5 л • Бензин, Чорний
32978820,/auto_mercedes_benz_e_class_32978820.html,Mercedes-Benz E-Class 2011,3 л • Дизель, Чорний
32896786,/auto_vaz_lada_2111_32896786.html,ВАЗ / Lada 2111 2008,1.6 л • Бензин, Червоний
31994225,/auto_ford_focus_31994225.html,Ford Focus 2006,1.6 л • Бензин, Сірий
32648214,/auto_ford_f_150_32648214.html,Ford F-150 2015,2.7 л • Бензин Об'єм двигуна не вказаний продавцем, Чорний
32478075,/auto_dodge_journey_32478075.html,Dodge Journey 2008,2 л • Дизель, Сірий
32580602,/auto_renault_scenic_32580602.html,Renault Megane Scenic 2005 Renault Scenic 2005 вказано продавцем,1.6 л • Бензин, Сірий Синій вказано продавцем
32458188,/auto_kawasaki_zzr_1400_32458188.html,13 тис. км,1.4 л (200 к.с. / 147 кВт),Ручна / Механіка
32446724,/auto_hyundai_sonata_32446724.html,Hyundai Sonata 2014,2.4 л • Бензин, Чорний
29871264,/auto_vaz_lada_2108_29871264.html
31422356,/auto_skoda_octavia_31422356.html,Skoda Octavia 2007,2 л • Дизель, Сірий
26962225,/auto_hyundai_santa_fe_26962225.html,Hyundai Santa FE 2013,2.2 л • Дизель, Сірий
30800619,/auto_subaru_outback_30800619.html,Subaru Outback 2013,2.5 л • Бензин, Бежевий
30878630,/auto_jeep_cherokee_30878630.html,Jeep Cherokee 2018,2 л • Бензин, Чорний
8600654,/auto_volkswagen_transporter_8600654.html
18172999,/auto_mercedes_benz_sprinter_18172999.html
33934164,/auto_mitsubishi_i_miev_33934164.html,Mitsubishi i-MiEV 2011,Електро, Сірий
34382807,/auto_suzuki_gsx_750f_katana_34382807.html,32 тис. км,0.75 л
28714459,/auto_scania_r_380_28714459.html,Scania R114 2001,10.6 л • Дизель, Білий
33336855,/auto_toyota_avensis_33336855.html,Toyota Avensis 2008,2.2 л • Дизель, Сірий
33623210,/auto_mercedes_benz_s_class_33623210.html,Mercedes-Benz S-Class 2014,4.7 л • Бензин, Чорний
33889166,/auto_citroen_c4_picasso_33889166.html,Citroen C4 Picasso 2011,1.6 л • Бензин, Синій
34218666,/auto_vaz_lada_2112_34218666.html,ВАЗ / Lada 2112 2002,1.5 л • Бензин 1.5 л • Газ / Бензин вказано продавцем, Синій
33755019,/auto_viper_150_33755019.html,16 тис. км,(0.15 к.с. / 0 кВт) • Бензин,Ручна / Механіка
34218662,/auto_opel_astra_34218662.html,Opel Astra 2007,1.8 л • Бензин, Чорний
33755002,/auto_citroen_c4_picasso_33755002.html,Citroen C4 Picasso 2010,1.6 л • Дизель, Білий
33492759,/auto_yinxiang_yx_33492759.html,7 тис. км,Бензин,Ручна / Механіка
33627880,/auto_mazda_3_33627880.html,Mazda 3 2009,1.6 л • Газ / Бензин, Синій
33627934,/auto_vaz_lada_2110_33627934.html,ВАЗ / Lada 2110 2007,1.6 л • Газ / Бензин, Сірий
33627872,/auto_bmw_5_series_33627872.html
33754986,/auto_ford_escort_33754986.html,Ford Escort 1997,1.3 л • Бензин 1.3 л • Газ / Бензин вказано продавцем, Зелений
33492698,/auto_opel_insignia_33492698.html,Opel Insignia 2014,2 л • Дизель, Чорний
33486503,/auto_nissan_leaf_33486503.html,Nissan Leaf 2016,Електро, Сірий
33492489,/auto_nissan_rogue_33492489.html,Nissan Rogue 2020,2.5 л • Бензин, Сірий
33492503,/auto_nissan_primera_33492503.html,Nissan Primera 2002,2.2 л • Дизель, Сірий
33475382,/auto_peugeot_3008_33475382.html,Peugeot 3008 2009,2 л • Дизель, Коричневий
33332924,/auto_ford_c_max_33332924.html,Ford C-Max 2005,1.6 л • Бензин 1.6 л • Дизель вказано продавцем, Синій
33332790,/auto_bmw_5_series_33332790.html,BMW 5 Series 1998,2.5 л • Дизель, Сірий
33333002,/auto_volkswagen_golf_gti_33333002.html,Volkswagen Golf 2011 Volkswagen Golf GTI 2011 вказано продавцем,2 л • Бензин, Синій
33332674,/auto_renault_scenic_rx4_33332674.html
33332766,/auto_mitsubishi_outlander_33332766.html,Mitsubishi Outlander 2009,2 л • Дизель, Чорний
33332582,/auto_nissan_primera_33332582.html,Nissan Primera 2002,1.8 л • Бензин, Сірий
33332577,/auto_graaf_p_a11_33332577.html,1 тис. км, Жовтий
33332663,/auto_mercedes_benz_c_class_33332663.html,Mercedes-Benz C-Class 2011,2.1 л • Дизель, Чорний
33332695,/auto_mercedes_benz_clk_class_33332695.html,Mercedes-Benz CLK-Class 1999,4.3 л • Бензин, Чорний
33332507,/auto_vaz_lada_2106_33332507.html,ВАЗ / Lada 2106 1984,1.5 л • Бензин, Білий
33172956,/auto_yamaha_drag_star_400_33172956.html,Yamaha Drag Star 400 2004,0.4 л • Бензин Тип палива не вказаний продавцем, Червоний
33168165,/auto_daewoo_nexia_33168165.html,Daewoo Nexia 2012,1.5 л • Газ / Бензин, Білий
32995959,/auto_nissan_almera_32995959.html,Nissan Almera 2003,1.8 л • Бензин, Сірий
33171321,/auto_peugeot_1007_33171321.html,Peugeot 1007 2005,1.4 л • Бензин, Жовтий
33171939,/auto_mercedes_benz_c_class_33171939.html,Mercedes-Benz C-Class 2003,2.7 л • Дизель, Сірий
33036491,/auto_volvo_v50_33036491.html,Volvo V50 2008,1.6 л • Дизель, Чорний
32991483,/auto_volkswagen_golf_32991483.html,Volkswagen Golf 2011,1.6 л • Дизель, Білий Колір не вказано продавцем
32980027,/auto_skoda_octavia_32980027.html,не знайдено,"91 тис.км • 1 рік, 10 міс. тому останній зафіксований від 29.06.2021джерело фіксації — дилерське СТО",97 тис.км
32975238,/auto_bmw_3_series_32975238.html,BMW 3 Series 2014,2 л • Бензин, Білий
32965553,/auto_viper_v_150p_32965553.html
32919191,/auto_citroen_c4_picasso_32919191.html,Citroen C4 2010 Citroen C4 Picasso 2010 вказано продавцем,1.6 л • Дизель, Сірий
32864251,/auto_honda_cr_v_32864251.html,Honda CR-V 2015,2.4 л • Бензин, Червоний
32829445,/auto_opel_meriva_32829445.html,Opel Meriva 2008,1.4 л • Бензин, Синій
32560385,/auto_audi_q5_32560385.html,Audi Q5 2009,2 л • Дизель, Чорний
32536174,/auto_ford_fusion_32536174.html,Ford Fusion 2016,2.7 л • Бензин, Чорний
32776090,/auto_weltmeister_ex5_32776090.html,Weltmeister EX5 2021,Електро, Білий
32396474,/auto_mercedes_benz_vito_32396474.html,Mercedes-Benz Vito 115 cdi 2006,2.2 л • Дизель, Сірий
32611958,/auto_volkswagen_passat_32611958.html,Volkswagen Passat 2003,1.8 л • Бензин, Сірий
32038214,/auto_bmw_7_series_32038214.html,BMW 7 Series 2010,3 л • Бензин, Чорний
31813346,/auto_nissan_primera_31813346.html,Nissan Primera 2003,1.8 л • Газ / Бензин, Сірий
31335428,/auto_honda_crosstour_31335428.html,Honda Crosstour 2012,2.4 л • Бензин, Чорний
31301154,/auto_fiat_tipo_31301154.html,Fiat Tipo 1989,1.4 л • Бензин, Червоний
31592815,/auto_volkswagen_caddy_31592815.html,Volkswagen Caddy 2008,1.9 л • Дизель, Білий
31170683,/auto_peugeot_508_31170683.html,Peugeot 508 2011,1.6 л • Бензин, Білий
31058519,/auto_nissan_armada_31058519.html,Nissan Armada 2004,5.6 л • Газ / Бензин, Чорний
30767016,/auto_m_g_fac27_30767016.html,10 тис. км,Невідремонтовані пошкодження 
30484220,/auto_ford_mustang_30484220.html,Ford Mustang 2015,2.3 л • Бензин, Білий
26780380,/auto_toyota_land_cruiser_26780380.html,Toyota Land Cruiser 2013,4.5 л • Дизель, Чорний
26571291,/auto_bmw_1_series_26571291.html,BMW 1 Series 2009,2 л • Бензин, Чорний
26132427,/auto_jeep_grand_cherokee_26132427.html,Jeep Grand Cherokee 2014,3 л • Дизель, Білий
34382798,/auto_nissan_qashqai_34382798.html,не знайдено,"45 тис.км • 7 років, 6 міс. тому останній зафіксований від 15.10.2015джерело фіксації — дилерське СТО",215 тис.км
34382797,/auto_pts_pts_34382797.html,100 тис. км, Сірий,Невиправлені сліди використання 
34382796,/auto_renault_trafic_34382796.html
33447143,/auto_yamaha_fjr_1300_33447143.html,Yamaha Fjr 1300 a 2010,1.3 л • Бензин, Сірий
34382793,/auto_skoda_octavia_34382793.html,Skoda Octavia 2007,1.9 л • Дизель, Бежевий
31279686,/auto_nissan_pathfinder_31279686.html,Nissan Pathfinder 2013 Nissan Pathfinder 2014 вказано продавцем,2.5 л • Гібрид, Чорний
33492512,/auto_viper_75_33492512.html,9 тис. км,(80 к.с. / 59 кВт),Варіатор
33755027,/auto_mercedes_benz_e_class_33755027.html,Mercedes-Benz E-Class 2010,2.2 л • Дизель, Чорний
33754968,/auto_chery_qq_33754968.html,Chery QQ 2007,1.1 л • Бензин, Жовтий
33627789,/auto_jaguar_xf_33627789.html,Jaguar XF 2008,2.7 л • Дизель, Чорний
33580964,/auto_kia_rio_33580964.html,не виявлено,дозволено відчужувати,не знайдено
34046754,/auto_infiniti_q50_34046754.html,Infiniti Q50 2017,3 л • Бензин, Чорний
34046757,/auto_bmw_x5_34046757.html,BMW X5 2008,3 л • Дизель, Чорний
33889140,/auto_citroen_c4_33889140.html,Citroen C4 2010,1.6 л • Дизель, Чорний
33889133,/auto_vaz_lada_2107_33889133.html,ВАЗ / Lada 2107 1989,1.5 л • Газ / Бензин, Бежевий
33889130,/auto_seat_cordoba_33889130.html,SEAT Cordoba 2008,2 л • Газ / Бензин, Синій
33889069,/auto_jaguar_xj_33889069.html,Jaguar XJ 2015,3 л • Бензин, Чорний
33889067,/auto_fiat_500e_33889067.html,Fiat 500e 2013,Електро, Помаранчевий
33889072,/auto_dacia_logan_33889072.html,Dacia Logan 2012,1.6 л • Бензин, Білий
33754882,/auto_mitsubishi_lancer_33754882.html,Mitsubishi Lancer 2007,1.6 л • Газ / Бензин, Чорний
33627881,/auto_volkswagen_golf_33627881.html,Volkswagen Golf 2001,1.4 л • Бензин, Чорний
33627866,/auto_opel_corsa_33627866.html,Opel Corsa 2011,1.3 л • Дизель, Білий
33754860,/auto_lexus_rx_33754860.html,Lexus RX 2010,3.5 л • Газ / Бензин, Білий
33627823,/auto_vaz_lada_2103_33627823.html
33627821,/auto_toyota_avalon_33627821.html,Toyota Avalon 2014,2.5 л • Гібрид, Сірий
33627775,/auto_samodelnyj_samodelnyj_33627775.html,20 тис. км
33627811,/auto_yamaha_grizzly_33627811.html,550 тис. км
33624433,/auto_opel_vectra_33624433.html,Opel Vectra 2008,1.9 л • Дизель, Чорний
33492472,/auto_ssangyong_kyron_33492472.html,SsangYong Kyron 2007,2.7 л • Дизель, Синій
33492486,/auto_bmw_3_series_33492486.html,BMW 325 1987 BMW 3 Series 1987 вказано продавцем,2.5 л • Бензин, Сірий
33531242,/auto_daewoo_sens_33531242.html,не знайдено,Даних про пробіг не виявлено інформація відсутня в базах даних,142 тис.км
33492384,/auto_zaz_1102_tavriya_33492384.html
33492435,/auto_renault_scenic_33492435.html,Renault Scenic 2017,1.5 л • Дизель, Сірий
33492442,/auto_dodge_grand_caravan_33492442.html,Dodge Grand Caravan 2017,3.6 л • Газ / Бензин, Сірий
33492395,/auto_geely_mk_33492395.html,не знайдено,Даних про пробіг не виявлено інформація відсутня в базах даних,322 тис.км
33492358,/auto_honda_dio_af_27_33492358.html,1 тис. км,0.65 л (7 к.с. / 5 кВт) • Бензин,Автомат
33492346,/auto_bmw_x5_33492346.html,BMW X5 2003,3 л • Дизель, Сірий
33492329,/auto_opel_vectra_33492329.html,Opel Vectra 2007,2.2 л • Газ / Бензин, Сірий
33492345,/auto_renault_grand_scenic_33492345.html,Renault Megane Scenic 2011 Renault Grand Scenic 2011 вказано продавцем,1.6 л • Дизель, Чорний
33492311,/auto_volkswagen_passat_33492311.html,Volkswagen Passat 2008,3.2 л • Бензин, Чорний
33492325,/auto_mitsubishi_lancer_33492325.html,Mitsubishi Lancer 2006,1.6 л • Бензин Об'єм двигуна не вказаний продавцем, Червоний
33485471,/auto_tesla_model_y_33485471.html,Tesla Model Y 2021,Електро, Білий
33492265,/auto_honda_accord_33492265.html
33485860,/auto_porsche_cayenne_33485860.html,Porsche Cayenne 2013,3 л • Дизель, Білий
33332514,/auto_toyota_avensis_33332514.html,Toyota Avensis 2007,2.2 л • Дизель, Чорний
33332411,/auto_mercedes_benz_c_class_33332411.html,Mercedes-Benz C-Class 2001,2.1 л • Дизель, Чорний
33332753,/auto_audi_a4_33332753.html,Audi A4 1995,1.8 л • Бензин, Зелений
33332490,/auto_mitsubishi_grandis_33332490.html,Mitsubishi Grandis 2006,2.4 л • Газ / Бензин, Чорний
33332355,/auto_chevrolet_cruze_33332355.html,Chevrolet Cruze 2009,1.6 л • Бензин, Білий
33332318,/auto_loncin_lx_200_gy3_33332318.html,1 тис. км,0.2 л (14 к.с. / 10 кВт) • Бензин,місто 2.5• траса 2.2• змішаний 2.4
33332271,/auto_vaz_lada_2194_kalina_33332271.html,ВАЗ / Lada 1119 Калина 2008 ВАЗ / Lada 2194 Kalina 2008 вказано продавцем,1.6 л • Газ / Бензин, Синій
33330781,/auto_vaz_lada_1118_kalina_33330781.html,ВАЗ / Lada 1118 Калина 2006,1.6 л • Бензин, Червоний
33171984,/auto_skoda_octavia_33171984.html,Skoda Octavia 2016,2 л • Дизель, Сірий
33327799,/auto_honda_forza_125_33327799.html,1 тис. км,0.15 л • Бензин,Варіатор
33170324,/auto_nissan_tiida_33170324.html,Nissan TIIDA 2013,1.6 л • Газ / Бензин 1.6 л • Бензин вказано продавцем, Білий
33037543,/auto_volkswagen_passat_33037543.html,Volkswagen Passat 2000,1.9 л • Дизель, Сірий
33165059,/auto_skoda_octavia_33165059.html,Skoda Octavia 2001,1.6 л • Бензин, Синій
33004522,/auto_infiniti_fx_35_33004522.html,Infiniti Fx35 2003,3.5 л • Газ / Бензин, Чорний
32999733,/auto_mercedes_benz_c_class_32999733.html,Mercedes-Benz C-Class 2006,1.8 л • Газ / Бензин, Синій
33001887,/auto_hyundai_santa_fe_33001887.html,Hyundai Santa FE 2008,2.2 л • Дизель, Сірий
31681788,/auto_kia_rio_31681788.html,Kia Rio 2007,1.4 л • Бензин, Червоний
32991147,/auto_nissan_murano_32991147.html,Nissan Murano 2010,3.5 л • Бензин 3.5 л • Газ / Бензин вказано продавцем, Білий
32830755,/auto_volkswagen_golf_32830755.html,Volkswagen Golf 2012,1.4 л • Бензин, Сірий
32622296,/auto_ford_focus_32622296.html,Ford Focus 2013,1 л • Бензин, Білий
32508485,/auto_nissan_patrol_32508485.html,Nissan Patrol 2002,3 л • Дизель, Синій
32247493,/auto_hyundai_santa_fe_32247493.html,Hyundai Santa FE 2007,2.2 л • Дизель, Сірий
32546482,/auto_ford_transit_32546482.html,Ford Transit 1999,2.5 л • Дизель, Білий
32140427,/auto_mazda_6_32140427.html
31853776,/auto_hyundai_i40_31853776.html,Hyundai i40 2011,1.7 л • Дизель, Чорний
31591970,/auto_opel_zafira_31591970.html,Opel Zafira 2006,1.8 л • Газ / Бензин, Сірий
31930659,/auto_skoda_superb_31930659.html,Skoda Superb 2012,2 л • Дизель, Чорний
31657414,/auto_acura_rdx_31657414.html,Acura RDX 2016,3.5 л • Бензин, Сірий
31396663,/auto_bmw_x5_31396663.html,BMW X5 2014,3 л • Дизель, Коричневий
31501685,/auto_gaz_2401_31501685.html
31301960,/auto_ford_edge_31301960.html,Ford Edge 2013,3.5 л • Газ / Бензин, Чорний
31291785,/auto_chevrolet_volt_31291785.html,Chevrolet Volt 2012,1.4 л • Гібрид, Синій
29072314,/auto_audi_a6_29072314.html,Audi A6 2000,2.5 л • Дизель, Зелений
29696252,/auto_hyundai_sonata_29696252.html,Hyundai Sonata 2012,2.4 л • Гібрид, Сірий
28754492,/auto_mercedes_benz_e_class_28754492.html,Mercedes-Benz E-Class 2010,2.1 л • Дизель, Сірий
27960680,/auto_lexus_es_27960680.html,Lexus ES 2018,3.5 л • Бензин, Чорний
28921850,/auto_bmw_x5_28921850.html,BMW X5 2007 BMW X5 2008 вказано продавцем,4.8 л • Газ / Бензин 4.8 л • Бензин вказано продавцем, Чорний
24958768,/auto_zaz_vida_24958768.html,ЗАЗ Vida 2013,1.5 л • Бензин, Сірий
27362950,/auto_honda_fourtrax_rancher_27362950.html,5 тис. км,0.35 л • Бензин,Ручна / Механіка
25475487,/auto_polaris_rzr_25475487.html,3 тис. км,0.9 л,Варіатор
26357636,/auto_mercedes_benz_vito_26357636.html,Mercedes-Benz Vito 1997,2.3 л • Дизель, Зелений
24821777,/auto_bmw_5_series_24821777.html,BMW 5 Series 2011,2 л • Дизель, Сірий
34382789,/auto_jeep_compass_34382789.html,Jeep Compass 2013,2.4 л • Бензин, Синій Колір не вказано продавцем
31290794,/auto_suzuki_gsx_r_31290794.html,Suzuki GSX-R 1998,0.6 л • Бензин, Сірий
34044924,/auto_kiyashko_odissej_34044924.html,Одисей 1.11 2015, Коричневий,"16.06.2015 • 7 років, 11 міс. тому первинна реєстрацiя Б/В ТЗ придбаного в торгівельній організації, який ввезено з-за кордону"
34222580,/auto_fiat_doblo_pass_34222580.html,Fiat 223 l 2004,1.9 л • Дизель, Білий
34382779,/auto_ford_fusion_34382779.html,Ford Fusion 2016,2 л • Бензин 2 л • Гібрид вказано продавцем, Сірий
34382784,/auto_audi_a4_34382784.html,не знайдено,"195 тис.км • 4 роки, 8 міс. тому останній зафіксований від 04.09.2018джерело фіксації — дилерське СТО",297 тис.км
33996157,/auto_nissan_rogue_33996157.html,Nissan Rogue 2015,2.5 л • Бензин, Сірий
34119829,/auto_mercedes_benz_sprinter_34119829.html,Mercedes-Benz Sprinter 2018,3 л • Дизель, Білий
34046712,/auto_peugeot_807_34046712.html,Peugeot 807 2008,2.2 л • Дизель, Чорний
34046684,/auto_tata_a079_34046684.html
34218628,/auto_audi_e_tron_34218628.html,не знайдено,46 тис.км • 1 міс. тому останній зафіксований від 06.03.2023джерело фіксації — дилерське СТО,53 тис.км
34218616,/auto_volkswagen_touran_34218616.html,Volkswagen Touran 2013,2 л • Дизель, Чорний
33492009,/auto_volkswagen_passat_33492009.html,Volkswagen Passat 2013,2.5 л • Бензин, Білий
34046735,/auto_skoda_octavia_34046735.html,Skoda Octavia 2015,1.8 л • Бензин, Сірий
34046729,/auto_bmw_3_series_34046729.html,BMW 3 Series 2015,2 л • Бензин, Чорний
34046718,/auto_ackermann_fruehauf_aa_34046718.html,111 тис. км, Білий металік,Професійно відремонтовані пошкодження 
34046740,/auto_honda_dio_af_35_34046740.html,965 тис. км,(60 к.с. / 44 кВт),Автомат
34046713,/auto_ford_c_max_34046713.html,Ford C-Max 2015,2 л • Дизель, Чорний
33888984,/auto_seat_toledo_33888984.html,SEAT Toledo 2013,1.6 л • Дизель, Білий
33491974,/auto_nissan_leaf_33491974.html,Nissan Leaf 2013,Електро, Сірий
34046677,/auto_mitsubishi_outlander_xl_34046677.html,Mitsubishi Outlander 2010 Mitsubishi Outlander XL 2010 вказано продавцем,2.2 л • Дизель, Чорний
34046675,/auto_volkswagen_touran_34046675.html,Volkswagen Touran 2008,2 л • Газ / Бензин, Чорний
33889023,/auto_audi_a6_33889023.html,Audi A6 2009,2 л • Дизель, Синій
33888954,/auto_hyundai_elantra_33888954.html,не знайдено,Даних про пробіг не виявлено інформація відсутня в базах даних,344 тис.км
33627681,/auto_opel_omega_33627681.html,Opel Omega 1997,2.5 л • Бензин, Сірий
33754652,/auto_skoda_octavia_33754652.html,Skoda Octavia 2009,1.9 л • Дизель, Сірий
33754552,/auto_toyota_land_cruiser_prado_33754552.html,Toyota Land Cruiser Prado 2010,3 л • Дизель, Чорний
33627658,/auto_zaz_11055_33627658.html,ЗАЗ 11055 2000,1.2 л • Бензин Не вказаний продавцем, Білий Колір не вказано продавцем
33627594,/auto_vaz_lada_2103_33627594.html
33627514,/auto_citroen_c5_33627514.html,Citroen C5 2010,1.6 л • Дизель, Сірий
33492109,/auto_opel_corsa_33492109.html,Opel Corsa 2006 Opel Corsa 2008 вказано продавцем,1.2 л • Бензин, Сірий
33332959,/auto_bmw_x5_33332959.html,BMW X5 2018,4.4 л • Бензин, Білий
33492179,/auto_yamaha_vino_33492179.html,33 тис. км,Бензин,Ремінь
33492015,/auto_hyundai_ix55_33492015.html,Hyundai ix55 2009,3 л • Дизель, Коричневий
33491947,/auto_dnepr_kmz_dnepr_11_33491947.html,без пробігу,0.65 л (36 к.с. / 26 кВт),Ручна / Механіка
33492000,/auto_skoda_octavia_33492000.html,Skoda Octavia 2008,2 л • Дизель, Бежевий
33491963,/auto_vaz_lada_2108_33491963.html,ВАЗ / Lada 2108 1986 ВАЗ / Lada 2108 1987 вказано продавцем,1.3 л • Бензин 1.3 л • Газ / Бензин вказано продавцем, Червоний
29806272,/auto_skoda_octavia_29806272.html,Skoda Octavia 2012,2 л • Дизель, Коричневий
33486256,/auto_ford_mondeo_33486256.html,Ford Mondeo 2011,2.02 л • Бензин, Чорний
33491180,/auto_daewoo_nexia_33491180.html,Daewoo Nexia 2008,1.5 л • Газ / Бензин, Зелений
33458426,/auto_vaz_lada_2109_33458426.html,ВАЗ / Lada 2109 1991,1.3 л • Газ / Бензин, Червоний
33484879,/auto_volkswagen_golf_33484879.html,Volkswagen Golf 2013,1.6 л • Дизель, Сірий
31588646,/auto_volkswagen_polo_31588646.html,Volkswagen Polo 2008,1.2 л • Бензин, Сірий
33332495,/auto_audi_q5_33332495.html,Audi Q5 2011,2 л • Бензин, Сірий
33332415,/auto_gaz_2217_sobol_33332415.html,ГАЗ 22171 2000 ГАЗ 2217 Соболь 2000 вказано продавцем,2.3 л • Бензин 2.3 л • Газ / Бензин вказано продавцем, Фіолетовий
33332348,/auto_chevrolet_matiz_33332348.html,Chevrolet Matiz 2007,0.8 л • Бензин, Червоний
33332184,/auto_vaz_lada_2107_33332184.html,ВАЗ / Lada 2107 2004 ВАЗ / Lada 2107 2005 вказано продавцем,1.5 л • Бензин, Зелений
33332183,/auto_hyundai_ix35_33332183.html,Hyundai ix35 2012,1.7 л • Дизель, Сірий
33332296,/auto_dodge_journey_33332296.html,Dodge Journey 2010,2.4 л • Бензин, Бежевий
33332027,/auto_renault_trafic_33332027.html,Renault Trafic 2009,2 л • Дизель, Білий
33331940,/auto_geely_ck_2_33331940.html,Geely CK 2012 Geely CK-2 2012 вказано продавцем,1.5 л • Газ / Бензин, Сірий
33332022,/auto_mazda_3_33332022.html,Mazda 3 2007,1.6 л • Дизель, Сірий
28889034,/auto_renault_megane_28889034.html,Renault Megane 2011,1.5 л • Дизель, Чорний
33327196,/auto_gaz_3110_33327196.html,ГАЗ 3110 1998,2.4 л • Бензин, Білий
33331903,/auto_vaz_lada_2110_33331903.html,ВАЗ / Lada 2110 2005,1.6 л • Бензин, Сірий
33166538,/auto_dacia_sandero_33166538.html,не знайдено,"71 тис.км • 5 років, 2 міс. тому останній зафіксований від 17.02.2018джерело фіксації — дилерське СТО",126 тис.км
33172281,/auto_peugeot_407_33172281.html,Peugeot 407 2009,2 л • Дизель, Чорний
33168147,/auto_ford_mondeo_33168147.html,Ford Mondeo 2009,2 л • Дизель, Сірий
32818675,/auto_opel_insignia_32818675.html,Opel Insignia 2012,2 л • Дизель, Чорний
32211422,/auto_nissan_almera_32211422.html,Nissan Almera 2011,1.6 л • Бензин, Бежевий
27940402,/auto_maz_8926_27940402.html
32291481,/auto_citroen_c4_32291481.html,Citroen C4 2007 Citroen C4 2008 вказано продавцем,1.6 л • Бензин, Сірий
32093842,/auto_mercedes_benz_e_class_32093842.html,не знайдено,Даних про пробіг не виявлено інформація відсутня в базах даних,193 тис.км
32492097,/auto_vaz_lada_2121_niva_32492097.html,ВАЗ / Lada 2121 Нива 1984,1.6 л • Газ / Бензин, Зелений
32174332,/auto_citroen_c4_32174332.html,не знайдено,Даних про пробіг не виявлено інформація відсутня в базах даних,160 тис.км
32079336,/auto_chevrolet_captiva_32079336.html,Chevrolet Captiva 2008,2.4 л • Газ / Бензин, Сірий
32029468,/auto_opel_zafira_32029468.html,Opel Zafira 2008,1.9 л • Дизель, Чорний
32007899,/auto_mazda_cx_5_32007899.html,Mazda CX-5 2014,2.2 л • Дизель, Синій
27454937,/auto_renault_laguna_27454937.html,Renault Laguna 2002,2.2 л • Дизель, Чорний
31904793,/auto_hyundai_kona_31904793.html,Hyundai Kona 2019,2 л • Бензин, Червоний
31771127,/auto_opel_zafira_31771127.html,Opel Zafira 2011,1.7 л • Дизель, Білий
31011367,/auto_mitsubishi_space_wagon_31011367.html,Mitsubishi Space Wagon 1999,2.4 л • Бензин, Синій
31162406,/auto_skoda_octavia_31162406.html,Skoda Octavia 2016,1.6 л • Дизель, Чорний
28393616,/auto_mercedes_benz_c_class_28393616.html,Mercedes-Benz C-Class 2008,2.2 л • Дизель, Сірий
26679661,/auto_honda_xl_650v_transalp_26679661.html,Honda Transalp 650 2004 Honda XL 650V Transalp 2004 вказано продавцем,0.65 л • Бензин, Чорний
27399959,/auto_opel_astra_27399959.html,Opel Astra 2008,1.6 л • Бензин, Синій
30164217,/auto_ford_fiesta_30164217.html,Ford Fiesta 2013,1 л • Бензин, Білий
30871266,/auto_mercedes_benz_viano_30871266.html,Mercedes-Benz Viano 2006,3.7 л • Газ / Бензин, Чорний
29917689,/auto_kia_sportage_29917689.html,Kia Sportage 2019,1.6 л • Бензин, Сірий
26286998,/auto_gaz_31105_26286998.html,ГАЗ 31105 2004,2.3 л • Газ / Бензин, Бежевий
30090908,/auto_hyundai_sonata_30090908.html,Hyundai Sonata 2017,2.4 л • Бензин, Сірий
24541341,/auto_skoda_octavia_24541341.html,Skoda Octavia 2008,1.8 л • Газ / Бензин, Чорний
24455782,/auto_toyota_aurion_24455782.html,Toyota Aurion 2007,3.5 л • Газ / Бензин, Чорний
34382769,/auto_ford_fusion_34382769.html,Ford Fusion 2015,2 л • Бензин, Червоний
33168046,/auto_volkswagen_beetle_33168046.html,Volkswagen Beetle 2014,1.8 л • Бензин, Сірий
30885817,/auto_land_rover_range_rover_30885817.html,Land Rover Range Rover 2010,5 л • Бензин, Чорний
34382745,/auto_jac_j6_34382745.html,JAC J6 2015 JAC J6 2016 вказано продавцем,2 л • Газ / Бензин, Білий
30827752,/auto_maxum_4600_30827752.html,1 тис. км,5 л • Дизель, Білий
32383625,/auto_crownline_cr_32383625.html,1 тис. км,5.7 л (300 к.с. / 221 кВт) • Бензин, Червоний
27638962,/auto_bayliner_288_27638962.html,1 тис. км,5.7 л (320 к.с. / 235 кВт) • Бензин, Синій
22869393,/auto_sealine_f46_22869393.html,1 тис. км,5 л • Дизель, Сірий
32075851,/auto_azimut_68_32075851.html,1 тис. км,50 л • Дизель, Бежевий металік
34382721,/auto_maxxter_falcon_34382721.html
30327033,/auto_hyundai_tucson_30327033.html,Hyundai Tucson 2010,2.7 л • Газ / Бензин, Синій
34224265,/auto_nissan_sentra_34224265.html,Nissan Sentra 2014,1.6 л • Газ / Бензин, Сірий
34382712,/auto_toyota_camry_34382712.html
34382704,/auto_volvo_s60_34382704.html,Volvo S60 2011,2.4 л • Дизель, Чорний
34382709,/auto_volkswagen_caddy_34382709.html
34326508,/auto_renault_megane_34326508.html,Renault Megane 2010,1.5 л • Дизель, Сірий
33627745,/auto_mazda_6_33627745.html,Mazda 6 2015,2.5 л • Бензин, Червоний
33733237,/auto_porsche_cayenne_33733237.html,Porsche Cayenne 2004,4.5 л • Бензин, Чорний
34218594,/auto_volkswagen_passat_34218594.html,Volkswagen Passat 2006,2 л • Бензин, Чорний
34218530,/auto_vaz_lada_2110_34218530.html,ВАЗ / Lada 2110 2010,1.6 л • Газ / Бензин, Зелений
34218591,/auto_mercedes_benz_t1_34218591.html
33888863,/auto_mercedes_benz_citan_33888863.html,Mercedes-Benz Citan 2019,1.5 л • Дизель, Білий
34218519,/auto_great_wall_safe_34218519.html
34218555,/auto_tesla_model_3_34218555.html,Tesla Model 3 2021,Електро, Червоний
34218604,/auto_volkswagen_golf_gti_34218604.html,Volkswagen Golf GTI 2011,2 л • Бензин, Сірий Колір не вказано продавцем
33888884,/auto_renault_scenic_33888884.html,Renault Megane Scenic 2012 Renault Scenic 2012 вказано продавцем,1.5 л • Дизель, Білий
34046574,/auto_renault_megane_34046574.html,Renault Megane 2012,1.5 л • Дизель, Чорний
33888859,/auto_hyundai_i30_33888859.html,Hyundai i30 2011,1.6 л • Дизель, Червоний
34218579,/auto_geely_mk_34218579.html,Geely MK 2012,1.5 л • Газ / Бензин, Білий
34218589,/auto_volkswagen_passat_34218589.html,не знайдено,"120 тис.км • 10 років, 2 міс. тому останній зафіксований від 15.03.2013джерело фіксації — дилерське СТО",269 тис.км
34218551,/auto_volkswagen_caddy_34218551.html,Volkswagen Caddy 2011,1.6 л • Дизель, Синій
34218571,/auto_rover_820_34218571.html,Rover 820 1994,1.8 л • Газ / Бензин, Червоний
34218541,/auto_bmw_i3_34218541.html,BMW I3 2016,Електро Гібрид вказано продавцем, Білий
34218539,/auto_opel_astra_34218539.html,Opel Astra Sports Tourer 2013 Opel Astra 2013 вказано продавцем,1.7 л • Дизель, Сірий Колір не вказано продавцем
34046634,/auto_vaz_lada_2106_34046634.html
34046615,/auto_renault_duster_34046615.html,Renault Duster 2017,1.5 л • Дизель, Білий
34026421,/auto_peugeot_bipper_34026421.html,Peugeot Bipper 2012,1.3 л • Дизель, Сірий
34046577,/auto_chery_amulet_34046577.html,Chery Amulet 2008,1.6 л • Бензин, Бежевий
34046604,/auto_chery_amulet_34046604.html,Chery Amulet 2007,1.6 л • Бензин, Бежевий
33889056,/auto_nissan_note_33889056.html
33889087,/auto_subaru_forester_33889087.html,Subaru Forester 2006,2 л • Газ / Бензин, Чорний
33331723,/auto_citroen_xsara_picasso_33331723.html,Citroen Xsara Picasso 2005,1.7 л • Бензин, Червоний
33888624,/auto_ford_focus_33888624.html,Ford Focus 2011,2 л • Бензин 2 л • Газ / Бензин вказано продавцем, Білий
33888872,/auto_kia_k5_33888872.html,Kia K5 2011,2 л • Газ, Білий
33888906,/auto_honda_accord_33888906.html,Honda Accord 2006,2.4 л • Газ / Бензин, Чорний
33888867,/auto_nissan_rogue_33888867.html,Nissan Rogue 2018,2.5 л • Бензин, Сірий
33754834,/auto_zaz_lanos_cargo_33754834.html,ЗАЗ Lanos 2015 ЗАЗ Lanos Cargo 2015 вказано продавцем,1.5 л • Газ / Бензин, Білий
33627261,/auto_opel_combo_33627261.html,Opel Combo 2012,1.4 л • Газ / Бензин, Сірий
33823490,/auto_mercedes_benz_gl_class_33823490.html,Mercedes-Benz GL-Class 2007,4 л • Дизель, Чорний
33888805,/auto_daewoo_lanos_33888805.html,Daewoo Lanos 2008,1.4 л • Бензин 1.4 л • Газ / Бензин вказано продавцем, Синій
33888781,/auto_forte_ft_250_cka_33888781.html,8 тис. км,0.25 л, Червоний
33888835,/auto_bmw_r_1100gs_33888835.html,BMW R 1100RS 1997 BMW R 1100GS 1997 вказано продавцем,1.1 л • Бензин, Помаранчевий
33888744,/auto_volkswagen_passat_33888744.html,Volkswagen Passat 2000,1.9 л • Дизель, Сірий
34218519,/auto_great_wall_safe_34218519.html
34218555,/auto_tesla_model_3_34218555.html,Tesla Model 3 2021,Електро, Червоний
34218604,/auto_volkswagen_golf_gti_34218604.html,Volkswagen Golf GTI 2011,2 л • Бензин, Сірий Колір не вказано продавцем
33888884,/auto_renault_scenic_33888884.html,Renault Megane Scenic 2012 Renault Scenic 2012 вказано продавцем,1.5 л • Дизель, Білий
34046574,/auto_renault_megane_34046574.html,Renault Megane 2012,1.5 л • Дизель, Чорний
33888859,/auto_hyundai_i30_33888859.html,Hyundai i30 2011,1.6 л • Дизель, Червоний
34218579,/auto_geely_mk_34218579.html,Geely MK 2012,1.5 л • Газ / Бензин, Білий
34218589,/auto_volkswagen_passat_34218589.html,не знайдено,"120 тис.км • 10 років, 2 міс. тому останній зафіксований від 15.03.2013джерело фіксації — дилерське СТО",269 тис.км
34218551,/auto_volkswagen_caddy_34218551.html,Volkswagen Caddy 2011,1.6 л • Дизель, Синій
34218571,/auto_rover_820_34218571.html,Rover 820 1994,1.8 л • Газ / Бензин, Червоний
34218541,/auto_bmw_i3_34218541.html,BMW I3 2016,Електро Гібрид вказано продавцем, Білий
34218539,/auto_opel_astra_34218539.html,Opel Astra Sports Tourer 2013 Opel Astra 2013 вказано продавцем,1.7 л • Дизель, Сірий Колір не вказано продавцем
34046634,/auto_vaz_lada_2106_34046634.html
34046615,/auto_renault_duster_34046615.html,Renault Duster 2017,1.5 л • Дизель, Білий
34026421,/auto_peugeot_bipper_34026421.html,Peugeot Bipper 2012,1.3 л • Дизель, Сірий
34046577,/auto_chery_amulet_34046577.html,Chery Amulet 2008,1.6 л • Бензин, Бежевий
34046604,/auto_chery_amulet_34046604.html,Chery Amulet 2007,1.6 л • Бензин, Бежевий
33889056,/auto_nissan_note_33889056.html
33889087,/auto_subaru_forester_33889087.html,Subaru Forester 2006,2 л • Газ / Бензин, Чорний
33331723,/auto_citroen_xsara_picasso_33331723.html,Citroen Xsara Picasso 2005,1.7 л • Бензин, Червоний
33888624,/auto_ford_focus_33888624.html,Ford Focus 2011,2 л • Бензин 2 л • Газ / Бензин вказано продавцем, Білий
33888872,/auto_kia_k5_33888872.html,Kia K5 2011,2 л • Газ, Білий
33888906,/auto_honda_accord_33888906.html,Honda Accord 2006,2.4 л • Газ / Бензин, Чорний
33888867,/auto_nissan_rogue_33888867.html,Nissan Rogue 2018,2.5 л • Бензин, Сірий
33754834,/auto_zaz_lanos_cargo_33754834.html,ЗАЗ Lanos 2015 ЗАЗ Lanos Cargo 2015 вказано продавцем,1.5 л • Газ / Бензин, Білий
33627261,/auto_opel_combo_33627261.html,Opel Combo 2012,1.4 л • Газ / Бензин, Сірий
33823490,/auto_mercedes_benz_gl_class_33823490.html,Mercedes-Benz GL-Class 2007,4 л • Дизель, Чорний
33888805,/auto_daewoo_lanos_33888805.html,Daewoo Lanos 2008,1.4 л • Бензин 1.4 л • Газ / Бензин вказано продавцем, Синій
33888781,/auto_forte_ft_250_cka_33888781.html,8 тис. км,0.25 л, Червоний
33888835,/auto_bmw_r_1100gs_33888835.html,BMW R 1100RS 1997 BMW R 1100GS 1997 вказано продавцем,1.1 л • Бензин, Помаранчевий
33888744,/auto_volkswagen_passat_33888744.html,Volkswagen Passat 2000,1.9 л • Дизель, Сірий
33627693,/auto_ford_fiesta_33627693.html,Ford Fiesta 2017,1.6 л • Газ / Бензин, Сірий
33750674,/auto_haval_h6_33750674.html,Haval H6 2018 Haval H6 2019 вказано продавцем,2 л • Газ / Бензин, Червоний Колір не вказано продавцем
33888735,/auto_skoda_superb_33888735.html,Skoda Superb 2008,1.8 л • Газ / Бензин, Сірий
33888765,/auto_mini_cooper_33888765.html,MINI Cooper 2019,2 л • Бензин, Зелений
33888749,/auto_nissan_patrol_33888749.html,Nissan Patrol 2005,3 л • Дизель, Бежевий
33750826,/auto_audi_q7_33750826.html,Audi Q7 2014,3 л • Бензин, Чорний
33888745,/auto_ford_mondeo_33888745.html,Ford Mondeo 2001,2 л • Дизель, Сірий
33888718,/auto_opel_omega_33888718.html,Opel Omega 1998,2 л • Бензин, Сірий
33888670,/auto_bmw_3_series_33888670.html,BMW 3 Series 2012,2 л • Дизель, Коричневий
33888720,/auto_toyota_avensis_33888720.html,Toyota Avensis 2000,2 л • Дизель, Червоний
33627454,/auto_ford_focus_33627454.html,Ford Focus 2012,1.6 л • Дизель, Сірий
33754642,/auto_peugeot_207_33754642.html,Peugeot 207 2011,1.6 л • Бензин, Чорний
33627371,/auto_musstang_mt_200_10_33627371.html,Musstang Mt200-10 2014,0.2 л • Бензин Об'єм двигуна не вказаний продавцем, Червоний
33754499,/auto_ford_ecosport_33754499.html,Ford EcoSport 2017,1 л • Бензин, Білий
33754505,/auto_bmw_5_series_33754505.html,BMW 5 Series 1997,2 л • Бензин, Сірий
33754474,/auto_renault_clio_33754474.html,Renault Clio 2008,1.1 л • Бензин, Чорний
33754555,/auto_renault_megane_33754555.html,Renault Megane 2008,1.5 л • Дизель, Білий
33362970,/auto_renault_trafic_33362970.html,Renault Trafic 2016,1.6 л • Дизель, Сірий
33491839,/auto_vaz_lada_2110_33491839.html,ВАЗ / Lada 2110 2007,1.6 л • Газ / Бензин Об'єм двигуна не вказаний продавцем, Сірий
33627415,/auto_mercedes_benz_e_class_33627415.html,Mercedes-Benz E-Class 2004,2.1 л • Дизель, Сірий
33620893,/auto_audi_a6_33620893.html,Audi A6 1997,2.5 л • Дизель, Сірий
33492023,/auto_honda_dio_af_27_33492023.html,1 тис. км,0.49 л • Бензин,місто 2• траса 2• змішаний 2
33139520,/auto_mazda_cx_7_33139520.html,Mazda CX-7 2008,2.3 л • Газ / Бензин, Червоний
33160212,/auto_ford_fiesta_33160212.html,Ford Fiesta 2011,1.25 л • Бензин, Червоний
33573846,/auto_chery_amulet_33573846.html,Chery Amulet 2011,1.5 л • Бензин, Чорний
33483437,/auto_volkswagen_passat_33483437.html,Volkswagen Passat 1991,1.8 л • Бензин, Сірий
33491817,/auto_mazda_3_33491817.html,Mazda 3 2008,1.6 л • Бензин, Сірий
33491846,/auto_mercedes_benz_cls_class_33491846.html,Mercedes-Benz CLS-Class 2012,4.7 л • Бензин, Коричневий
33491858,/auto_audi_a4_33491858.html,Audi A4 1999,2.4 л • Газ / Бензин, Сірий
33491984,/auto_buick_envision_33491984.html,Buick Envision 2020,2.5 л • Бензин, Сірий
31824054,/auto_volkswagen_crafter_31824054.html,Volkswagen Crafter 2013,2 л • Дизель, Білий
33491795,/auto_subaru_forester_33491795.html,Subaru Forester 2006,2 л • Бензин, Червоний
33491765,/auto_porsche_macan_33491765.html,Porsche Macan 2017,3 л • Бензин, Синій
33491695,/auto_bajaj_pulsar_33491695.html,Bajaj Pulsar 180dts-i 2021,0.18 л • Бензин, Сірий Бежевий вказано продавцем
33491646,/auto_furseal_535_33491646.html,без пробігу
33491511,/auto_citroen_c5_33491511.html,Citroen C5 2010,1.6 л • Бензин, Чорний
33490441,/auto_renault_captur_33490441.html,Renault Captur 2015,1.5 л • Дизель Тип палива не вказаний продавцем, Сірий Синій вказано продавцем
33491325,/auto_mitsubishi_pajero_sport_33491325.html,Mitsubishi Pajero Sport 2007,2.5 л • Дизель, Чорний
33481798,/auto_bmw_7_series_33481798.html,BMW 7 Series 1999,4 л • Дизель, Чорний
33331927,/auto_volvo_xc70_33331927.html,Volvo XC70 2013,2.4 л • Дизель, Коричневий
33330532,/auto_chery_amulet_33330532.html,Chery Amulet 2008,1.6 л • Бензин, Чорний
33472579,/auto_volkswagen_touareg_33472579.html,Volkswagen Touareg 2011,3 л • Дизель, Чорний
33332439,/auto_mercedes_benz_sprinter_33332439.html
33331838,/auto_nissan_rogue_33331838.html,Nissan Rogue 2016,2.5 л • Бензин, Білий
33331661,/auto_jawa_yava_360_33331661.html,30 тис. км,0.35 л (16 к.с. / 12 кВт) • Бензин,Ручна / Механіка
33331693,/auto_peugeot_407_33331693.html,Peugeot 407 2008,2 л • Дизель, Синій
33331752,/auto_kia_ceed_33331752.html,Kia Ceed 2013,1.4 л • Бензин, Сірий
33331621,/auto_vaz_lada_2101_33331621.html
29941788,/auto_toyota_highlander_29941788.html,Toyota Highlander 2014,3.5 л • Газ / Бензин, Білий
32962509,/auto_subaru_forester_32962509.html,Subaru Forester 2003,2 л • Бензин 2 л • Газ / Бензин вказано продавцем, Синій
33227193,/auto_lexus_es_33227193.html,Lexus ES 2003,3 л • Газ / Бензин, Сірий
33260066,/auto_bmw_x5_33260066.html,BMW X5 2012,3 л • Бензин, Сірий
31556132,/auto_toyota_land_cruiser_31556132.html,Toyota Land Cruiser 2004,4.7 л • Газ / Бензин, Чорний
31851161,/auto_ford_focus_31851161.html,Ford Focus 2007,1.6 л • Газ / Бензин Не вказаний продавцем, Чорний
32064863,/auto_fiat_doblo_pass_32064863.html,Fiat Doblo 2010,1.6 л • Дизель, Білий
33043555,/auto_chevrolet_aveo_33043555.html,Chevrolet Aveo 2006,1.5 л • Газ / Бензин, Червоний
33003909,/auto_volkswagen_e_golf_33003909.html,Volkswagen e-Golf 2015,Електро, Синій
33008539,/auto_volkswagen_cc_passat_cc_33008539.html,Volkswagen Passat CC 2012,1.8 л • Бензин, Чорний
33010256,/auto_opel_meriva_33010256.html,Opel Meriva 2010,1.4 л • Газ / Бензин, Сірий
32949589,/auto_audi_a6_32949589.html,Audi A6 1996,2.6 л • Бензин 2.6 л • Газ / Бензин вказано продавцем, Сірий
32998895,/auto_ford_focus_32998895.html,Ford Focus 2015,2 л • Бензин, Білий
33041102,/auto_fiat_ducato_pass_33041102.html
26787458,/auto_mercedes_benz_vito_26787458.html,Mercedes-Benz Vito 115 cdi 2003,2.2 л • Дизель, Сірий
27614911,/auto_mercedes_benz_s_class_27614911.html,Mercedes-Benz S-Class 2013,3 л • Дизель, Чорний
32823691,/auto_nissan_leaf_32823691.html,Nissan Leaf 2014,Електро, Синій
32806434,/auto_renault_scenic_32806434.html,Renault Megane Scenic 2006 Renault Scenic 2006 вказано продавцем,1.6 л • Бензин, Коричневий Бежевий вказано продавцем
31404375,/auto_opel_vivaro_31404375.html,Opel Vivaro 2007,2 л • Дизель, Білий
25496659,/auto_toyota_corolla_25496659.html,Toyota Corolla 2013,1.33 л • Бензин, Білий
32633826,/auto_vaz_lada_2112_32633826.html,ВАЗ / Lada 2112 2007,1.6 л • Бензин, Сірий
34382401,/auto_opel_vectra_34382401.html,Opel Vectra 2004,1.8 л • Газ / Бензин, Сірий
34382604,/auto_opel_astra_34382604.html,Opel Astra 2010,1.7 л • Дизель, Сірий
34144197,/auto_renault_master_34144197.html,Renault Master 2017,2.3 л • Дизель, Білий
34382628,/auto_volvo_v60_34382628.html,Volvo V60 2016,2 л • Дизель, Сірий
34382627,/auto_bmw_5_series_34382627.html,BMW 5 Series 1994,2.5 л • Дизель, Чорний
34382636,/auto_ford_c_max_34382636.html,Ford C-Max 2014,2 л • Бензин 2 л • Гібрид вказано продавцем, Чорний
34382631,/auto_mercedes_benz_e_class_34382631.html,Mercedes-Benz E-Class 2002,2.4 л • Газ / Бензин, Чорний
34194834,/auto_honda_civic_34194834.html,Honda Civic 2008,1.8 л • Бензин, Червоний
33890947,/auto_renault_laguna_33890947.html,Renault Laguna 2007,2 л • Дизель, Чорний
34382619,/auto_zaz_1103_slavuta_34382619.html,ЗАЗ 1103 Славута 2006,1.2 л • Бензин, Синій
34039047,/auto_vaz_lada_2114_samara_34039047.html,ВАЗ / Lada 2114 Samara 2008,1.6 л • Бензин, Червоний
34382599,/auto_ford_s_max_34382599.html,Ford S-Max 2006,1.8 л • Дизель, Сірий
33343822,/auto_chevrolet_spark_33343822.html,Chevrolet Spark 2016,Електро, Синій
34379791,/auto_mazda_cx_5_34379791.html,Mazda CX-5 2021,2.5 л • Бензин, Сірий
34196579,/auto_suzuki_ignis_34196579.html,Suzuki Ignis 2003,1.3 л • Бензин, Зелений
34382593,/auto_schwarzmuller_spa_34382593.html,500 тис. км, Білий
34046624,/auto_volkswagen_passat_34046624.html,не знайдено
34046570,/auto_daewoo_nexia_34046570.html,Daewoo Nexia 2011,1.6 л • Бензин, Білий
34046536,/auto_volkswagen_transporter_34046536.html,Даних про пробіг не виявлено інформація відсутня в базах даних,300 тис.км,Немає офіційно зареєстрованих
33627144,/auto_renault_megane_33627144.html,Renault Megane 2004,1.5 л • Дизель, Сірий
33491127,/auto_viper_f150_33491127.html,без пробігу,Автомат,Ланцюг
33627305,/auto_volvo_xc70_33627305.html,Volvo XC70 2010,3 л • Бензин, Синій
34382588,/auto_chevrolet_aveo_34382588.html
34046508,/auto_renault_megane_34046508.html,Renault Megane 2013,1.5 л • Дизель, Чорний
33754204,/auto_chery_qq_33754204.html,Chery QQ 2008,1.1 л • Бензин, Синій
33754198,/auto_skoda_fabia_33754198.html,Skoda Fabia 2008,1.9 л • Дизель, Сірий
34218504,/auto_volkswagen_e_golf_34218504.html,Volkswagen e-Golf 2018,Електро, Білий
34218467,/auto_audi_a4_34218467.html,Audi A4 2003,2.5 л • Дизель, Чорний
34218451,/auto_ford_flex_34218451.html,Ford Flex 2016,3.5 л • Газ / Бензин 3.8 л • Газ / Бензин вказано продавцем, Білий
34218441,/auto_volkswagen_lt_34218441.html,Volkswagen LT 2000,2.5 л • Дизель, Сірий Синій вказано продавцем
34218455,/auto_vaz_lada_2109_34218455.html,ВАЗ / Lada 2109 1988,1.3 л • Газ / Бензин, Червоний
34218367,/auto_skoda_karoq_34218367.html,Skoda Karoq 2018,1.5 л • Бензин, Білий
34218363,/auto_opel_vectra_34218363.html
34218331,/auto_opel_vectra_34218331.html
34218427,/auto_buick_lacrosse_34218427.html,Buick LaCrosse 2018,2.5 л • Гібрид, Сірий
33627256,/auto_mitsubishi_carisma_33627256.html,Mitsubishi Carisma 2000,1.8 л • Бензин, Чорний
34218220,/auto_suzuki_grand_vitara_34218220.html,Suzuki Grand Vitara 2008,2.4 л • Газ / Бензин, Сірий
34218328,/auto_jeep_compass_34218328.html,Jeep Compass 2017,2.4 л • Бензин, Чорний Колір не вказано продавцем
34218332,/auto_mercedes_benz_a_class_34218332.html,Mercedes-Benz A-Class 2002,1.7 л • Дизель, Чорний
34046491,/auto_ford_focus_34046491.html,Ford Focus 2014,2 л • Бензин, Сірий
34046515,/auto_nissan_sentra_34046515.html,Nissan Sentra 2018,1.8 л • Бензин, Сірий
34046383,/auto_opel_astra_34046383.html,Opel Astra 2007,1.6 л • Бензин, Сірий
34046521,/auto_volkswagen_transporter_34046521.html,Volkswagen Caravelle 2006 Volkswagen Transporter 2006 вказано продавцем,1.9 л • Дизель, Синій
34046451,/auto_renault_megane_34046451.html,Renault Megane 2012,1.5 л • Дизель, Синій
34046525,/auto_dacia_sandero_34046525.html,Dacia Sandero 2009,1.4 л • Бензин, Синій
34046328,/auto_skoda_octavia_34046328.html,Skoda Octavia 2006,1.6 л • Бензин, Сірий
34046459,/auto_volkswagen_passat_34046459.html
34046406,/auto_bmw_1_series_34046406.html,BMW 128 2013 BMW 1 Series 2013 вказано продавцем,3 л • Бензин, Білий
33897372,/auto_bmw_3_series_33897372.html,BMW 3 Series 2007,2 л • Дизель, Зелений
34382579,/auto_hyundai_tucson_34382579.html,Даних про пробіг не виявлено інформація відсутня в базах даних,240 тис.км,Немає офіційно зареєстрованих
33888634,/auto_skoda_octavia_33888634.html,Skoda Octavia 2016,1.4 л • Бензин, Білий
33888637,/auto_honda_cr_v_33888637.html,Honda CR-V 2006,2.2 л • Бензин 2.2 л • Дизель вказано продавцем, Червоний
33888742,/auto_audi_a6_33888742.html,Audi A6 1996,2.5 л • Дизель, Чорний
34041676,/auto_audi_80_34041676.html,Audi 80 1992,1.9 л • Дизель, Сірий
33627255,/auto_renault_espace_33627255.html,Renault Espace 1991,2.2 л • Бензин, Білий
34046372,/auto_hyundai_elantra_34046372.html,Hyundai Elantra 2005,1.6 л • Газ / Бензин, Червоний
34046360,/auto_bmw_x6_34046360.html,BMW X6 2009,3 л • Дизель, Чорний
33888630,/auto_vaz_lada_2107_33888630.html,ВАЗ / Lada 2107 2004,1.4 л • Бензин 1.6 л • Газ / Бензин вказано продавцем, Червоний
33888530,/auto_renault_megane_33888530.html,Renault Megane 2008,1.5 л • Дизель, Чорний
33888580,/auto_volkswagen_polo_33888580.html,Volkswagen Polo 2005,1.4 л • Дизель, Сірий
33754354,/auto_toyota_sienna_33754354.html,Toyota Sienna 2016,3.5 л • Бензин, Чорний
33888591,/auto_bmw_5_series_33888591.html,BMW 5 Series 2004,2.2 л • Газ / Бензин, Синій
33874330,/auto_mitsubishi_pajero_wagon_33874330.html,Mitsubishi Pajero Wagon 2006,3.2 л • Дизель, Чорний
33626896,/auto_opel_vivaro_33626896.html,Opel Vivaro 2004,2.5 л • Дизель, Сірий
33888529,/auto_hyundai_sonata_33888529.html,Hyundai Sonata 2005,2.4 л • Бензин, Червоний
33759067,/auto_volkswagen_e_lavida_33759067.html,Volkswagen e-Lavida 2021,Електро, Білий
33754287,/auto_skoda_octavia_33754287.html,не знайдено,Даних про пробіг не виявлено інформація відсутня в базах даних,220 тис.км
33754246,/auto_volkswagen_passat_33754246.html,не знайдено,"123 тис.км • 10 років, 3 міс. тому останній зафіксований від 28.01.2013джерело фіксації — дилерське СТО",240 тис.км
33754192,/auto_volkswagen_passat_33754192.html,Volkswagen Passat 2007,1.9 л • Дизель, Чорний
33754353,/auto_audi_a4_33754353.html,Audi A4 2015,2 л • Бензин, Сірий
33491815,/auto_daewoo_lanos_33491815.html,Daewoo Lanos 2007,1.5 л • Газ / Бензин, Зелений
33627815,/auto_citroen_c4_33627815.html,Citroen C4 Picasso 2008 Citroen C4 2008 вказано продавцем,2 л • Бензин, Сірий
33626996,/auto_mazda_6_33626996.html,Mazda 6 2014,2.5 л • Бензин Об'єм двигуна не вказаний продавцем, Синій
33491144,/auto_suzuki_address_110_33491144.html,Suzuki Address 1998 Suzuki Address 110 1998 вказано продавцем,0.11 л • Бензин Не вказаний продавцем, Синій
33491465,/auto_volkswagen_golf_33491465.html,Volkswagen Golf 1992 Volkswagen Golf 1991 вказано продавцем,2 л • Газ / Бензин, Червоний
33627108,/auto_opel_astra_33627108.html,Opel Astra 2007,1.6 л • Бензин, Сірий
33491264,/auto_mercedes_benz_sprinter_33491264.html
33491119,/auto_nissan_almera_33491119.html,Nissan Almera 2006,1.6 л • Бензин, Синій
33465144,/auto_bmw_3_series_33465144.html,BMW 3 Series 2003,2 л • Дизель, Сірий
33491303,/auto_peugeot_607_33491303.html,Peugeot 607 2002,2.9 л • Бензин, Синій
33626989,/auto_daewoo_lanos_33626989.html,Daewoo Lanos 2003,1.5 л • Газ / Бензин Об'єм двигуна не вказаний продавцем, Бежевий
33491152,/auto_bmw_3_series_33491152.html,BMW 3 Series 2013,2 л • Бензин, Чорний
33573193,/auto_mazda_6_33573193.html,Mazda 6 2010,2.2 л • Дизель, Чорний
33332066,/auto_chevrolet_niva_33332066.html,Chevrolet Niva 2008,1.7 л • Газ / Бензин, Сірий
33491116,/auto_ford_mondeo_33491116.html,Ford Mondeo 2004 Ford Mondeo 2005 вказано продавцем,2 л • Дизель, Сірий
33485930,/auto_chevrolet_lacetti_33485930.html,Chevrolet Lacetti 2004,1.6 л • Бензин 1.6 л • Газ / Бензин вказано продавцем, Бежевий Колір не вказано продавцем
33491104,/auto_lifan_lf200_10s_kpr_33491104.html,8 тис. км,0.2 л • Бензин
33490874,/auto_skoda_octavia_33490874.html,Skoda Octavia 2007,1.6 л • Газ / Бензин, Бежевий
34382578,/auto_gaz_3307_34382578.html,ГАЗ 3307-12 2005,4.3 л • Газ / Бензин, Білий
33331680,/auto_ford_focus_33331680.html,Ford Focus 2016,2 л • Бензин, Білий
33491332,/auto_nissan_note_33491332.html,Nissan Note 2007,1.6 л • Газ / Бензин, Синій
33491212,/auto_peugeot_208_33491212.html,Peugeot 208 2013,1.4 л • Дизель, Сірий
33491283,/auto_opel_astra_33491283.html,Opel Astra 2001,1.7 л • Дизель, Сірий
33331474,/auto_man_nl_263_33331474.html,MAN NL 263 2000,12 л • Дизель, Білий
33331495,/auto_volkswagen_golf_33331495.html,Volkswagen Golf 2004,2 л • Дизель, Сірий
33331487,/auto_volkswagen_passat_33331487.html,Volkswagen Passat 2013,1.97 л • Дизель, Сірий
33331307,/auto_volkswagen_transporter_33331307.html,Volkswagen Transporter 2003,2.5 л • Дизель, Білий
34382587,/auto_ssangyong_kyron_34382587.html,SsangYong Kyron 2010,2 л • Дизель, Чорний
34382572,/auto_lincoln_mkz_34382572.html,Lincoln MKZ 2014,3.7 л • Бензин, Білий
34382574,/auto_mercedes_benz_gl_class_34382574.html
33888529,/auto_hyundai_sonata_33888529.html,Hyundai Sonata 2005,2.4 л • Бензин, Червоний
33759067,/auto_volkswagen_e_lavida_33759067.html,Volkswagen e-Lavida 2021,Електро, Білий
33754287,/auto_skoda_octavia_33754287.html,не знайдено,Даних про пробіг не виявлено інформація відсутня в базах даних,220 тис.км
33754246,/auto_volkswagen_passat_33754246.html,не знайдено,"123 тис.км • 10 років, 3 міс. тому останній зафіксований від 28.01.2013джерело фіксації — дилерське СТО",240 тис.км
33754192,/auto_volkswagen_passat_33754192.html,Volkswagen Passat 2007,1.9 л • Дизель, Чорний
33754353,/auto_audi_a4_33754353.html,Audi A4 2015,2 л • Бензин, Сірий
33491815,/auto_daewoo_lanos_33491815.html,Daewoo Lanos 2007,1.5 л • Газ / Бензин, Зелений
33627815,/auto_citroen_c4_33627815.html,Citroen C4 Picasso 2008 Citroen C4 2008 вказано продавцем,2 л • Бензин, Сірий
33626996,/auto_mazda_6_33626996.html,Mazda 6 2014,2.5 л • Бензин Об'єм двигуна не вказаний продавцем, Синій
33491144,/auto_suzuki_address_110_33491144.html,Suzuki Address 1998 Suzuki Address 110 1998 вказано продавцем,0.11 л • Бензин Не вказаний продавцем, Синій
33627108,/auto_opel_astra_33627108.html,Opel Astra 2007,1.6 л • Бензин, Сірий
33491264,/auto_mercedes_benz_sprinter_33491264.html
33491465,/auto_volkswagen_golf_33491465.html,Volkswagen Golf 1992 Volkswagen Golf 1991 вказано продавцем,2 л • Газ / Бензин, Червоний
33465144,/auto_bmw_3_series_33465144.html,BMW 3 Series 2003,2 л • Дизель, Сірий
33491119,/auto_nissan_almera_33491119.html,Nissan Almera 2006,1.6 л • Бензин, Синій
33626989,/auto_daewoo_lanos_33626989.html,Daewoo Lanos 2003,1.5 л • Газ / Бензин Об'єм двигуна не вказаний продавцем, Бежевий
33491303,/auto_peugeot_607_33491303.html,Peugeot 607 2002,2.9 л • Бензин, Синій
33491152,/auto_bmw_3_series_33491152.html,BMW 3 Series 2013,2 л • Бензин, Чорний
33573193,/auto_mazda_6_33573193.html,Mazda 6 2010,2.2 л • Дизель, Чорний
33332066,/auto_chevrolet_niva_33332066.html,Chevrolet Niva 2008,1.7 л • Газ / Бензин, Сірий
33491104,/auto_lifan_lf200_10s_kpr_33491104.html,8 тис. км,0.2 л • Бензин
33491116,/auto_ford_mondeo_33491116.html,Ford Mondeo 2004 Ford Mondeo 2005 вказано продавцем,2 л • Дизель, Сірий
33485930,/auto_chevrolet_lacetti_33485930.html,Chevrolet Lacetti 2004,1.6 л • Бензин 1.6 л • Газ / Бензин вказано продавцем, Бежевий Колір не вказано продавцем
33490874,/auto_skoda_octavia_33490874.html,Skoda Octavia 2007,1.6 л • Газ / Бензин, Бежевий
34382578,/auto_gaz_3307_34382578.html,ГАЗ 3307-12 2005,4.3 л • Газ / Бензин, Білий
33331680,/auto_ford_focus_33331680.html,Ford Focus 2016,2 л • Бензин, Білий
33491332,/auto_nissan_note_33491332.html,Nissan Note 2007,1.6 л • Газ / Бензин, Синій
33491212,/auto_peugeot_208_33491212.html,Peugeot 208 2013,1.4 л • Дизель, Сірий
33491283,/auto_opel_astra_33491283.html,Opel Astra 2001,1.7 л • Дизель, Сірий
33331474,/auto_man_nl_263_33331474.html,MAN NL 263 2000,12 л • Дизель, Білий
33331487,/auto_volkswagen_passat_33331487.html,Volkswagen Passat 2013,1.97 л • Дизель, Сірий
33331495,/auto_volkswagen_golf_33331495.html,Volkswagen Golf 2004,2 л • Дизель, Сірий
33331307,/auto_volkswagen_transporter_33331307.html,Volkswagen Transporter 2003,2.5 л • Дизель, Білий
34382587,/auto_ssangyong_kyron_34382587.html,SsangYong Kyron 2010,2 л • Дизель, Чорний
34382572,/auto_lincoln_mkz_34382572.html,Lincoln MKZ 2014,3.7 л • Бензин, Білий
34382574,/auto_mercedes_benz_gl_class_34382574.html
34345850,/auto_schmitz_cargobull_ski_34345850.html,300 тис. км
34185082,/auto_schmitz_ski_24_34185082.html,500 тис. км
33331362,/auto_renault_megane_33331362.html,Renault Megane 2004,1.4 л • Бензин, Сірий
33160961,/auto_opel_vivaro_33160961.html,Opel Vivaro 2013,2 л • Дизель, Білий
33331265,/auto_volkswagen_passat_33331265.html,Volkswagen Passat 2003,1.8 л • Бензин, Сірий
33331250,/auto_skoda_octavia_33331250.html,не знайдено,Даних про пробіг не виявлено інформація відсутня в базах даних,232 тис.км
33119570,/auto_volkswagen_golf_33119570.html,Volkswagen Golf 2015,1.6 л • Бензин 1.6 л • Дизель вказано продавцем, Сірий
32924557,/auto_opel_astra_32924557.html,Opel Astra 2003,1.7 л • Дизель, Синій
33167201,/auto_subaru_legacy_33167201.html,Subaru Legacy 2008,2 л • Дизель, Сірий
33171773,/auto_mazda_cx_5_33171773.html,Mazda CX-5 2019,2.5 л • Бензин, Синій
33159787,/auto_mercedes_benz_s_class_33159787.html,Mercedes-Benz S-Class 2013,3 л • Дизель, Сірий
33171118,/auto_renault_laguna_33171118.html,Renault Laguna 2011,1.5 л • Дизель, Сірий
32856323,/auto_vaz_lada_2121_niva_32856323.html,ВАЗ / Lada 2121 Нива 1979,1.6 л • Бензин, Білий
33136732,/auto_vaz_lada_2101_33136732.html
33158693,/auto_audi_q5_33158693.html,Audi Q5 2011,2 л • Дизель, Сірий
33154990,/auto_dacia_sandero_33154990.html,Dacia Sandero 2019,1 л • Бензин, Білий
33003292,/auto_dodge_ram_van_33003292.html,Dodge Ram Van 1998,2.5 л • Дизель, Синій
33049509,/auto_opel_corsa_33049509.html,Opel Corsa c 2005,1.2 л • Газ / Бензин, Чорний
32835949,/auto_hyundai_lantra_32835949.html,Hyundai Lantra 1994,1.5 л • Бензин, Червоний
32840542,/auto_opel_insignia_32840542.html,Opel Insignia 2010,2 л • Дизель, Чорний
33026209,/auto_ford_fusion_33026209.html,Ford Fusion 2007,1.2 л • Бензин, Білий
32619918,/auto_tesla_model_3_32619918.html,Tesla Model 3 2020,Електро, Білий
32666729,/auto_land_rover_discovery_32666729.html,Land Rover Discovery 2012,3 л • Дизель, Чорний
32709768,/auto_baz_a_079_etalon_32709768.html
30646480,/auto_mercedes_benz_e_class_30646480.html,Mercedes-Benz E-Class 2013,2.1 л • Дизель 2 л • Дизель вказано продавцем, Червоний
32610524,/auto_ravon_r4_32610524.html,Ravon R4 2018,1.5 л • Газ / Бензин, Сірий
31966280,/auto_gaz_21_31966280.html
32840521,/auto_fiat_doblo_panorama_32840521.html,Fiat Doblo 2010 Fiat Doblo Panorama 2010 вказано продавцем,1.4 л • Газ / Бензин, Червоний
32568305,/auto_volvo_v50_32568305.html,Volvo V50 2005,1.6 л • Дизель, Чорний
31993481,/auto_chevrolet_evanda_31993481.html,не знайдено,Даних про пробіг не виявлено інформація відсутня в базах даних,181 тис.км
32413961,/auto_mazda_cx_9_32413961.html,Mazda CX-9 2008,3.7 л • Бензин 3.7 л • Газ / Бензин вказано продавцем, Червоний
32233091,/auto_ford_transit_32233091.html
31876608,/auto_bmw_3_series_31876608.html,BMW 3 Series 1991,1.6 л • Газ / Бензин, Чорний
31120127,/auto_opel_astra_31120127.html,Opel Astra 2008,1.6 л • Бензин Газ / Бензин вказано продавцем, Сірий
31083519,/auto_volkswagen_passat_31083519.html,Volkswagen Passat 1991,1.8 л • Бензин, Червоний
30981741,/auto_lexus_es_30981741.html,Lexus ES 2012,2.5 л • Гібрид, Білий
29961919,/auto_zaz_a07a_i_van_29961919.html,ЗАЗ A075 2018 ЗАЗ A07А I-VAN 2018 вказано продавцем,3.8 л • Дизель, Зелений
30667950,/auto_nissan_qashqai_30667950.html,Nissan Qashqai 2008,2 л • Газ / Бензин, Сірий
27565819,/auto_bark_bt_420s_27565819.html,без пробігу,Бензин, Бежевий
28155209,/auto_nissan_maxima_28155209.html,Nissan Maxima 2003,3 л • Бензин, Бежевий
28081227,/auto_bmw_5_series_28081227.html,BMW 5 Series 2013,2 л • Дизель, Сірий
27481754,/auto_land_rover_range_rover_sport_27481754.html,Land Rover Range Rover Sport 2012,5 л • Бензин, Коричневий
27689897,/auto_opel_astra_27689897.html,Opel Astra 2006,1.9 л • Дизель, Сірий
34382575,/auto_renault_espace_34382575.html,Renault Espace 2004,2.2 л • Дизель, Сірий
25568268,/auto_volvo_b7r_25568268.html,Volvo B 2000 Volvo B7R 2000 вказано продавцем,6.8 л • Дизель, Бежевий
24830437,/auto_mitsubishi_space_wagon_24830437.html,Mitsubishi Space Wagon 1999,2.4 л • Бензин, Чорний
14796810,/auto_renault_trafic_14796810.html,Renault Trafic 2007,2 л • Дизель, Жовтий
30380326,/auto_renault_premium_30380326.html,Renault Premium 2007,10.8 л • Дизель, Червоний
34382565,/auto_mercedes_benz_sprinter_34382565.html,Mercedes-Benz Sprinter 2001 Mercedes-Benz Sprinter 2002 вказано продавцем,2.7 л • Дизель, Білий Колір не вказано продавцем
34382571,/auto_honda_dio_af_34_34382571.html,6 тис. км,Бензин,Автомат
34382570,/auto_geon_terra_x_250_road_34382570.html
34218617,/auto_mazda_3_34218617.html,Mazda 3 2015,2 л • Бензин, Синій
34382551,/auto_hyundai_h_1_34382551.html
34382564,/auto_van_hool_13v005_34382564.html,Van Hool 3B2014 2000 Van Hool 13В005 2000 вказано продавцем, Чорний Сірий вказано продавцем,25.03.2023 • 1 міс. тому перереєстрація на нового власника за дог. купiвлi-продажу (СГ)
34081907,/auto_renault_master_34081907.html,Renault Master 2003,2.2 л • Дизель, Білий Колір не вказано продавцем
34382558,/auto_iveco_stralis_34382558.html,Iveco Stralis 2011 Iveco Stralis 2012 вказано продавцем,12.9 л • Дизель, Чорний
32468140,/auto_bmw_7_series_32468140.html,BMW 735 2004 BMW 7 Series 2004 вказано продавцем,3.6 л • Бензин, Сірий
34382533,/auto_renault_megane_34382533.html,Renault Megane 2006,1.6 л • Бензин, Синій
33893022,/auto_volkswagen_golf_33893022.html,Volkswagen Golf 2017,1.8 л • Бензин, Чорний
34382543,/auto_renault_sandero_34382543.html,Renault Sandero 2019,0.9 л • Бензин, Білий
34382548,/auto_renault_kangoo_34382548.html,Renault Kangoo 2013,Електро, Жовтий
34382539,/auto_nissan_leaf_34382539.html,Nissan Leaf 2015,Електро, Сірий
34382540,/auto_tesla_model_3_34382540.html,Tesla Model 3 2018,Електро, Білий
33874216,/auto_mercedes_benz_b_class_33874216.html,не знайдено,"96 тис.км • 2 роки, 2 міс. тому останній зафіксований від 22.03.2021джерело фіксації — дилерське СТО",114 тис.км
